County,Year,Value
ALAMEDA,2001,81799434
ALAMEDA,2002,82586379
ALAMEDA,2003,85770014
ALAMEDA,2004,86759897
ALAMEDA,2005,88531458
ALAMEDA,2006,91123342
ALAMEDA,2007,92343105
ALAMEDA,2008,92642910
ALAMEDA,2009,88331445
ALAMEDA,2010,91371069
ALAMEDA,2011,93209610
ALAMEDA,2012,95749481
ALAMEDA,2013,98669945
ALAMEDA,2014,102333785
ALAMEDA,2015,109421599
ALAMEDA,2016,112943702
ALAMEDA,2017,119117078
ALAMEDA,2018,123718310
ALPINE,2001,77007
ALPINE,2002,79634
ALPINE,2003,81083
ALPINE,2004,78131
ALPINE,2005,79197
ALPINE,2006,80164
ALPINE,2007,87598
ALPINE,2008,84430
ALPINE,2009,81534
ALPINE,2010,85967
ALPINE,2011,96195
ALPINE,2012,95294
ALPINE,2013,91773
ALPINE,2014,98299
ALPINE,2015,100790
ALPINE,2016,99622
ALPINE,2017,99643
ALPINE,2018,100131
AMADOR,2001,1256091
AMADOR,2002,1448926
AMADOR,2003,1586696
AMADOR,2004,1636165
AMADOR,2005,1615188
AMADOR,2006,1595595
AMADOR,2007,1561085
AMADOR,2008,1538746
AMADOR,2009,1485666
AMADOR,2010,1460247
AMADOR,2011,1441492
AMADOR,2012,1365613
AMADOR,2013,1406048
AMADOR,2014,1419857
AMADOR,2015,1445500
AMADOR,2016,1489618
AMADOR,2017,1570431
AMADOR,2018,1585410
BUTTE,2001,6436131
BUTTE,2002,6868645
BUTTE,2003,7143910
BUTTE,2004,7237914
BUTTE,2005,7395227
BUTTE,2006,7651114
BUTTE,2007,7523603
BUTTE,2008,7351131
BUTTE,2009,7548295
BUTTE,2010,7576197
BUTTE,2011,7508928
BUTTE,2012,7363012
BUTTE,2013,7413059
BUTTE,2014,7309623
BUTTE,2015,7600549
BUTTE,2016,8084983
BUTTE,2017,8434322
BUTTE,2018,8543593
CALAVERAS,2001,1118369
CALAVERAS,2002,1190691
CALAVERAS,2003,1203472
CALAVERAS,2004,1173038
CALAVERAS,2005,1153564
CALAVERAS,2006,1115192
CALAVERAS,2007,1096762
CALAVERAS,2008,1079245
CALAVERAS,2009,1032893
CALAVERAS,2010,1125485
CALAVERAS,2011,1135901
CALAVERAS,2012,1050964
CALAVERAS,2013,1017875
CALAVERAS,2014,1115450
CALAVERAS,2015,1155026
CALAVERAS,2016,1242125
CALAVERAS,2017,1292735
CALAVERAS,2018,1238320
COLUSA,2001,865406
COLUSA,2002,806110
COLUSA,2003,1048359
COLUSA,2004,867310
COLUSA,2005,894007
COLUSA,2006,946468
COLUSA,2007,952575
COLUSA,2008,1244268
COLUSA,2009,1516543
COLUSA,2010,1292276
COLUSA,2011,1317517
COLUSA,2012,1197262
COLUSA,2013,1283035
COLUSA,2014,1067543
COLUSA,2015,1307706
COLUSA,2016,1294753
COLUSA,2017,1199687
COLUSA,2018,1408034
CONTRA COSTA,2001,67604311
CONTRA COSTA,2002,67365933
CONTRA COSTA,2003,68037682
CONTRA COSTA,2004,71374693
CONTRA COSTA,2005,77435260
CONTRA COSTA,2006,77426264
CONTRA COSTA,2007,74993127
CONTRA COSTA,2008,92104079
CONTRA COSTA,2009,80291378
CONTRA COSTA,2010,71784332
CONTRA COSTA,2011,62111669
CONTRA COSTA,2012,62207407
CONTRA COSTA,2013,63766282
CONTRA COSTA,2014,68582988
CONTRA COSTA,2015,69342707
CONTRA COSTA,2016,68732088
CONTRA COSTA,2017,71878033
CONTRA COSTA,2018,76615513
DEL NORTE,2001,605354
DEL NORTE,2002,611450
DEL NORTE,2003,633803
DEL NORTE,2004,666610
DEL NORTE,2005,680125
DEL NORTE,2006,783601
DEL NORTE,2007,795493
DEL NORTE,2008,854071
DEL NORTE,2009,731731
DEL NORTE,2010,730738
DEL NORTE,2011,726312
DEL NORTE,2012,694371
DEL NORTE,2013,681876
DEL NORTE,2014,678597
DEL NORTE,2015,687045
DEL NORTE,2016,706293
DEL NORTE,2017,688089
DEL NORTE,2018,709056
EL DORADO,2001,5284067
EL DORADO,2002,5709892
EL DORADO,2003,5828543
EL DORADO,2004,6061352
EL DORADO,2005,6182343
EL DORADO,2006,6360255
EL DORADO,2007,6235833
EL DORADO,2008,6213848
EL DORADO,2009,6060324
EL DORADO,2010,6077003
EL DORADO,2011,6196566
EL DORADO,2012,5984844
EL DORADO,2013,6059506
EL DORADO,2014,6254485
EL DORADO,2015,6432666
EL DORADO,2016,6908588
EL DORADO,2017,7238157
EL DORADO,2018,7471362
FRESNO,2001,28184530
FRESNO,2002,30398297
FRESNO,2003,32093105
FRESNO,2004,32709314
FRESNO,2005,33944485
FRESNO,2006,35837239
FRESNO,2007,34879624
FRESNO,2008,33768459
FRESNO,2009,34242028
FRESNO,2010,34497120
FRESNO,2011,34809834
FRESNO,2012,33632200
FRESNO,2013,34890011
FRESNO,2014,35928123
FRESNO,2015,37347858
FRESNO,2016,38649137
FRESNO,2017,39921581
FRESNO,2018,41016044
GLENN,2001,828906
GLENN,2002,828773
GLENN,2003,841664
GLENN,2004,858961
GLENN,2005,914960
GLENN,2006,830365
GLENN,2007,1036433
GLENN,2008,1063351
GLENN,2009,1186452
GLENN,2010,1088832
GLENN,2011,1025155
GLENN,2012,968053
GLENN,2013,1053121
GLENN,2014,945814
GLENN,2015,954441
GLENN,2016,1018131
GLENN,2017,982720
GLENN,2018,1103979
HUMBOLDT,2001,4350057
HUMBOLDT,2002,4515957
HUMBOLDT,2003,4669025
HUMBOLDT,2004,4713676
HUMBOLDT,2005,4676410
HUMBOLDT,2006,4686975
HUMBOLDT,2007,4604222
HUMBOLDT,2008,4757798
HUMBOLDT,2009,4678757
HUMBOLDT,2010,4960006
HUMBOLDT,2011,4955117
HUMBOLDT,2012,4779382
HUMBOLDT,2013,4752274
HUMBOLDT,2014,4708055
HUMBOLDT,2015,4825000
HUMBOLDT,2016,4870723
HUMBOLDT,2017,4986467
HUMBOLDT,2018,5053603
IMPERIAL,2001,5055707
IMPERIAL,2002,6085250
IMPERIAL,2003,5656713
IMPERIAL,2004,5429442
IMPERIAL,2005,5902836
IMPERIAL,2006,6314043
IMPERIAL,2007,6082750
IMPERIAL,2008,7093442
IMPERIAL,2009,6844284
IMPERIAL,2010,6782574
IMPERIAL,2011,7039372
IMPERIAL,2012,6640258
IMPERIAL,2013,7020557
IMPERIAL,2014,7436925
IMPERIAL,2015,8042675
IMPERIAL,2016,8170398
IMPERIAL,2017,8155429
IMPERIAL,2018,8102824
INYO,2001,888852
INYO,2002,1024012
INYO,2003,989305
INYO,2004,1015571
INYO,2005,1004680
INYO,2006,1021034
INYO,2007,1009879
INYO,2008,1038311
INYO,2009,1014028
INYO,2010,1035891
INYO,2011,1018867
INYO,2012,1004491
INYO,2013,1098490
INYO,2014,1086591
INYO,2015,1102736
INYO,2016,1175758
INYO,2017,1224445
INYO,2018,1175310
KERN,2001,27651931
KERN,2002,31074712
KERN,2003,30772705
KERN,2004,33320481
KERN,2005,35506212
KERN,2006,40304624
KERN,2007,44041478
KERN,2008,42722024
KERN,2009,45552481
KERN,2010,43467286
KERN,2011,42644421
KERN,2012,46566041
KERN,2013,45534651
KERN,2014,45615554
KERN,2015,45836337
KERN,2016,45928331
KERN,2017,46781960
KERN,2018,47738604
KINGS,2001,4350004
KINGS,2002,4591095
KINGS,2003,5040485
KINGS,2004,5267905
KINGS,2005,5501006
KINGS,2006,5120762
KINGS,2007,5932036
KINGS,2008,5310546
KINGS,2009,4816012
KINGS,2010,4926324
KINGS,2011,5625719
KINGS,2012,5097311
KINGS,2013,5102357
KINGS,2014,5508259
KINGS,2015,5418677
KINGS,2016,5687938
KINGS,2017,5924008
KINGS,2018,5882811
LAKE,2001,1385305
LAKE,2002,1584348
LAKE,2003,1574743
LAKE,2004,1589149
LAKE,2005,1573537
LAKE,2006,1712250
LAKE,2007,1716471
LAKE,2008,1706256
LAKE,2009,1574731
LAKE,2010,1654537
LAKE,2011,1647944
LAKE,2012,1635183
LAKE,2013,1624472
LAKE,2014,1746436
LAKE,2015,1745616
LAKE,2016,1743577
LAKE,2017,1768943
LAKE,2018,1850962
LASSEN,2001,851805
LASSEN,2002,906232
LASSEN,2003,935553
LASSEN,2004,928176
LASSEN,2005,950455
LASSEN,2006,985665
LASSEN,2007,1010234
LASSEN,2008,1117944
LASSEN,2009,1048685
LASSEN,2010,1174895
LASSEN,2011,1142452
LASSEN,2012,1176584
LASSEN,2013,1159741
LASSEN,2014,1134084
LASSEN,2015,1153813
LASSEN,2016,1191247
LASSEN,2017,1071059
LASSEN,2018,1077095
LOS ANGELES,2001,473306527
LOS ANGELES,2002,482467282
LOS ANGELES,2003,499512771
LOS ANGELES,2004,514064136
LOS ANGELES,2005,525750328
LOS ANGELES,2006,547542672
LOS ANGELES,2007,555951086
LOS ANGELES,2008,569813740
LOS ANGELES,2009,547249104
LOS ANGELES,2010,561409984
LOS ANGELES,2011,571324012
LOS ANGELES,2012,576713190
LOS ANGELES,2013,587370781
LOS ANGELES,2014,604034122
LOS ANGELES,2015,628765253
LOS ANGELES,2016,639934876
LOS ANGELES,2017,662418536
LOS ANGELES,2018,681549961
MADERA,2001,3296292
MADERA,2002,3686064
MADERA,2003,3806442
MADERA,2004,4334990
MADERA,2005,4637784
MADERA,2006,4819111
MADERA,2007,4813208
MADERA,2008,4737574
MADERA,2009,4204961
MADERA,2010,4883226
MADERA,2011,4901149
MADERA,2012,5077248
MADERA,2013,5136705
MADERA,2014,5519576
MADERA,2015,5226294
MADERA,2016,5765929
MADERA,2017,6012170
MADERA,2018,5988270
MARIN,2001,16974299
MARIN,2002,17737235
MARIN,2003,18037937
MARIN,2004,17101741
MARIN,2005,16968339
MARIN,2006,17132556
MARIN,2007,16646417
MARIN,2008,16882230
MARIN,2009,16488858
MARIN,2010,16714186
MARIN,2011,16941630
MARIN,2012,17423348
MARIN,2013,17998671
MARIN,2014,18674876
MARIN,2015,19235345
MARIN,2016,20738025
MARIN,2017,22815861
MARIN,2018,25037176
MARIPOSA,2001,491027
MARIPOSA,2002,518565
MARIPOSA,2003,519523
MARIPOSA,2004,552645
MARIPOSA,2005,584022
MARIPOSA,2006,600634
MARIPOSA,2007,605648
MARIPOSA,2008,560458
MARIPOSA,2009,560777
MARIPOSA,2010,568150
MARIPOSA,2011,628251
MARIPOSA,2012,578248
MARIPOSA,2013,561559
MARIPOSA,2014,561339
MARIPOSA,2015,565432
MARIPOSA,2016,608856
MARIPOSA,2017,664863
MARIPOSA,2018,764080
MENDOCINO,2001,2884059
MENDOCINO,2002,2989947
MENDOCINO,2003,2987454
MENDOCINO,2004,2878204
MENDOCINO,2005,2895964
MENDOCINO,2006,3027143
MENDOCINO,2007,2999661
MENDOCINO,2008,3082360
MENDOCINO,2009,3062845
MENDOCINO,2010,3213999
MENDOCINO,2011,3047664
MENDOCINO,2012,2968376
MENDOCINO,2013,2992637
MENDOCINO,2014,3046083
MENDOCINO,2015,3104933
MENDOCINO,2016,3087672
MENDOCINO,2017,3261212
MENDOCINO,2018,3290676
MERCED,2001,5919851
MERCED,2002,6243835
MERCED,2003,6773718
MERCED,2004,7387247
MERCED,2005,7706492
MERCED,2006,7547300
MERCED,2007,8411584
MERCED,2008,7401381
MERCED,2009,7113678
MERCED,2010,7257104
MERCED,2011,7459433
MERCED,2012,7302553
MERCED,2013,7569363
MERCED,2014,8309865
MERCED,2015,8436760
MERCED,2016,8462554
MERCED,2017,9012107
MERCED,2018,8994225
MODOC,2001,254132
MODOC,2002,317061
MODOC,2003,293681
MODOC,2004,276198
MODOC,2005,318992
MODOC,2006,319802
MODOC,2007,310278
MODOC,2008,366867
MODOC,2009,399660
MODOC,2010,374712
MODOC,2011,337664
MODOC,2012,305295
MODOC,2013,309876
MODOC,2014,326281
MODOC,2015,354063
MODOC,2016,377226
MODOC,2017,357793
MODOC,2018,373250
MONO,2001,832202
MONO,2002,902969
MONO,2003,946526
MONO,2004,908522
MONO,2005,1001878
MONO,2006,941488
MONO,2007,893660
MONO,2008,911651
MONO,2009,896008
MONO,2010,951966
MONO,2011,960143
MONO,2012,894203
MONO,2013,896446
MONO,2014,882669
MONO,2015,878548
MONO,2016,910508
MONO,2017,1027563
MONO,2018,957625
MONTEREY,2001,21016429
MONTEREY,2002,22188403
MONTEREY,2003,22130781
MONTEREY,2004,19859471
MONTEREY,2005,20305925
MONTEREY,2006,21769566
MONTEREY,2007,20775170
MONTEREY,2008,20448397
MONTEREY,2009,21833524
MONTEREY,2010,21336279
MONTEREY,2011,20088899
MONTEREY,2012,20853659
MONTEREY,2013,22080506
MONTEREY,2014,22452847
MONTEREY,2015,24189253
MONTEREY,2016,24813563
MONTEREY,2017,25122789
MONTEREY,2018,25923751
NAPA,2001,7232664
NAPA,2002,7612863
NAPA,2003,7665926
NAPA,2004,7578715
NAPA,2005,7945388
NAPA,2006,7938732
NAPA,2007,8094511
NAPA,2008,8168828
NAPA,2009,7980773
NAPA,2010,7851423
NAPA,2011,7726578
NAPA,2012,8194992
NAPA,2013,8549080
NAPA,2014,9117420
NAPA,2015,9516543
NAPA,2016,9691673
NAPA,2017,9870652
NAPA,2018,9898897
NEVADA,2001,3131732
NEVADA,2002,3324810
NEVADA,2003,3359521
NEVADA,2004,3335338
NEVADA,2005,3423585
NEVADA,2006,3501326
NEVADA,2007,3529588
NEVADA,2008,3568920
NEVADA,2009,3631194
NEVADA,2010,3805667
NEVADA,2011,3852774
NEVADA,2012,3763288
NEVADA,2013,3882801
NEVADA,2014,3750278
NEVADA,2015,3791590
NEVADA,2016,3874263
NEVADA,2017,3940019
NEVADA,2018,3896864
ORANGE,2001,159069691
ORANGE,2002,163346954
ORANGE,2003,174105993
ORANGE,2004,182444486
ORANGE,2005,192103881
ORANGE,2006,199329661
ORANGE,2007,198364936
ORANGE,2008,192391707
ORANGE,2009,182377795
ORANGE,2010,188714925
ORANGE,2011,187813332
ORANGE,2012,193903242
ORANGE,2013,197450269
ORANGE,2014,199942356
ORANGE,2015,207221949
ORANGE,2016,211288031
ORANGE,2017,220075102
ORANGE,2018,226110295
PLACER,2001,11868187
PLACER,2002,12626379
PLACER,2003,13787422
PLACER,2004,14614152
PLACER,2005,15490891
PLACER,2006,15844888
PLACER,2007,15699190
PLACER,2008,15553475
PLACER,2009,15391609
PLACER,2010,15811099
PLACER,2011,16028620
PLACER,2012,16712164
PLACER,2013,17249785
PLACER,2014,17636188
PLACER,2015,18672919
PLACER,2016,19475977
PLACER,2017,19894372
PLACER,2018,20911650
PLUMAS,2001,936169
PLUMAS,2002,1020486
PLUMAS,2003,1106309
PLUMAS,2004,1069464
PLUMAS,2005,1039048
PLUMAS,2006,1133080
PLUMAS,2007,977953
PLUMAS,2008,1008752
PLUMAS,2009,1019726
PLUMAS,2010,1062797
PLUMAS,2011,1112325
PLUMAS,2012,894393
PLUMAS,2013,832963
PLUMAS,2014,860931
PLUMAS,2015,842431
PLUMAS,2016,908021
PLUMAS,2017,1006000
PLUMAS,2018,940398
RIVERSIDE,2001,47261277
RIVERSIDE,2002,50270437
RIVERSIDE,2003,53832974
RIVERSIDE,2004,58028997
RIVERSIDE,2005,62151408
RIVERSIDE,2006,65233258
RIVERSIDE,2007,65847956
RIVERSIDE,2008,63951266
RIVERSIDE,2009,61188571
RIVERSIDE,2010,63069973
RIVERSIDE,2011,64340242
RIVERSIDE,2012,64092535
RIVERSIDE,2013,66781669
RIVERSIDE,2014,68486039
RIVERSIDE,2015,71546357
RIVERSIDE,2016,73019473
RIVERSIDE,2017,75327830
RIVERSIDE,2018,78156440
SACRAMENTO,2001,61242909
SACRAMENTO,2002,62747473
SACRAMENTO,2003,65383775
SACRAMENTO,2004,67410369
SACRAMENTO,2005,70866317
SACRAMENTO,2006,73101669
SACRAMENTO,2007,73877100
SACRAMENTO,2008,73234536
SACRAMENTO,2009,70334338
SACRAMENTO,2010,68514126
SACRAMENTO,2011,69591146
SACRAMENTO,2012,69783186
SACRAMENTO,2013,71528635
SACRAMENTO,2014,73001224
SACRAMENTO,2015,75373407
SACRAMENTO,2016,75648213
SACRAMENTO,2017,77961074
SACRAMENTO,2018,80936234
SAN BENITO,2001,1557910
SAN BENITO,2002,1641521
SAN BENITO,2003,1767477
SAN BENITO,2004,1778545
SAN BENITO,2005,1811714
SAN BENITO,2006,1942525
SAN BENITO,2007,1874416
SAN BENITO,2008,1745289
SAN BENITO,2009,1758208
SAN BENITO,2010,1786455
SAN BENITO,2011,1780332
SAN BENITO,2012,1776562
SAN BENITO,2013,1761947
SAN BENITO,2014,1834645
SAN BENITO,2015,1944208
SAN BENITO,2016,1971059
SAN BENITO,2017,2075377
SAN BENITO,2018,2115616
SAN BERNARDINO,2001,54438197
SAN BERNARDINO,2002,56551989
SAN BERNARDINO,2003,60222196
SAN BERNARDINO,2004,64061068
SAN BERNARDINO,2005,67680495
SAN BERNARDINO,2006,70059888
SAN BERNARDINO,2007,71543167
SAN BERNARDINO,2008,70080880
SAN BERNARDINO,2009,65776415
SAN BERNARDINO,2010,66305774
SAN BERNARDINO,2011,67336498
SAN BERNARDINO,2012,67620205
SAN BERNARDINO,2013,69149978
SAN BERNARDINO,2014,71474503
SAN BERNARDINO,2015,74181095
SAN BERNARDINO,2016,75877075
SAN BERNARDINO,2017,78146465
SAN BERNARDINO,2018,80460743
SAN DIEGO,2001,142064204
SAN DIEGO,2002,148243518
SAN DIEGO,2003,155870562
SAN DIEGO,2004,164695156
SAN DIEGO,2005,173137412
SAN DIEGO,2006,177089324
SAN DIEGO,2007,179912955
SAN DIEGO,2008,178717613
SAN DIEGO,2009,171102638
SAN DIEGO,2010,173540455
SAN DIEGO,2011,176546834
SAN DIEGO,2012,178241243
SAN DIEGO,2013,184862880
SAN DIEGO,2014,189967417
SAN DIEGO,2015,195600126
SAN DIEGO,2016,197159662
SAN DIEGO,2017,203932550
SAN DIEGO,2018,209426148
SAN FRANCISO,2001,89414724
SAN FRANCISO,2002,84237702
SAN FRANCISO,2003,82871760
SAN FRANCISO,2004,82046285
SAN FRANCISO,2005,86324242
SAN FRANCISO,2006,89587043
SAN FRANCISO,2007,92046938
SAN FRANCISO,2008,91593484
SAN FRANCISO,2009,92525391
SAN FRANCISO,2010,95335782
SAN FRANCISO,2011,101707928
SAN FRANCISO,2012,111136403
SAN FRANCISO,2013,115524154
SAN FRANCISO,2014,124202474
SAN FRANCISO,2015,133070744
SAN FRANCISO,2016,143841023
SAN FRANCISO,2017,155258114
SAN FRANCISO,2018,166716731
SAN JOAQUIN,2001,20845747
SAN JOAQUIN,2002,21745960
SAN JOAQUIN,2003,22712507
SAN JOAQUIN,2004,23637259
SAN JOAQUIN,2005,24941209
SAN JOAQUIN,2006,24375319
SAN JOAQUIN,2007,24328025
SAN JOAQUIN,2008,23587642
SAN JOAQUIN,2009,23369038
SAN JOAQUIN,2010,22783980
SAN JOAQUIN,2011,22580295
SAN JOAQUIN,2012,22741180
SAN JOAQUIN,2013,23522989
SAN JOAQUIN,2014,24174906
SAN JOAQUIN,2015,25314877
SAN JOAQUIN,2016,25837363
SAN JOAQUIN,2017,26787016
SAN JOAQUIN,2018,27808462
SAN LUIS OBISPO,2001,10995612
SAN LUIS OBISPO,2002,12163440
SAN LUIS OBISPO,2003,12419563
SAN LUIS OBISPO,2004,12489631
SAN LUIS OBISPO,2005,12899462
SAN LUIS OBISPO,2006,13148423
SAN LUIS OBISPO,2007,13050741
SAN LUIS OBISPO,2008,12574056
SAN LUIS OBISPO,2009,12426976
SAN LUIS OBISPO,2010,13053432
SAN LUIS OBISPO,2011,13263375
SAN LUIS OBISPO,2012,13543650
SAN LUIS OBISPO,2013,14001696
SAN LUIS OBISPO,2014,14213934
SAN LUIS OBISPO,2015,14945906
SAN LUIS OBISPO,2016,15194948
SAN LUIS OBISPO,2017,15449070
SAN LUIS OBISPO,2018,15808438
SAN MATEO,2001,53500777
SAN MATEO,2002,50827524
SAN MATEO,2003,51911354
SAN MATEO,2004,53673107
SAN MATEO,2005,55070047
SAN MATEO,2006,57884093
SAN MATEO,2007,58759178
SAN MATEO,2008,58941727
SAN MATEO,2009,59857406
SAN MATEO,2010,61063885
SAN MATEO,2011,63589632
SAN MATEO,2012,77479232
SAN MATEO,2013,81182144
SAN MATEO,2014,85736897
SAN MATEO,2015,91090406
SAN MATEO,2016,100239588
SAN MATEO,2017,113829269
SAN MATEO,2018,119797765
SANTA BARBARA,2001,17976028
SANTA BARBARA,2002,18690777
SANTA BARBARA,2003,19398289
SANTA BARBARA,2004,20025671
SANTA BARBARA,2005,20830418
SANTA BARBARA,2006,21164197
SANTA BARBARA,2007,21554565
SANTA BARBARA,2008,22045791
SANTA BARBARA,2009,22573538
SANTA BARBARA,2010,22375651
SANTA BARBARA,2011,22434007
SANTA BARBARA,2012,22959581
SANTA BARBARA,2013,23302304
SANTA BARBARA,2014,23807041
SANTA BARBARA,2015,24986874
SANTA BARBARA,2016,25172214
SANTA BARBARA,2017,25885092
SANTA BARBARA,2018,26938329
SANTA CLARA,2001,114240305
SANTA CLARA,2002,109019161
SANTA CLARA,2003,115437821
SANTA CLARA,2004,119997208
SANTA CLARA,2005,127598015
SANTA CLARA,2006,137304412
SANTA CLARA,2007,150769852
SANTA CLARA,2008,159809232
SANTA CLARA,2009,156929380
SANTA CLARA,2010,171187339
SANTA CLARA,2011,184636019
SANTA CLARA,2012,191886859
SANTA CLARA,2013,209953840
SANTA CLARA,2014,225459236
SANTA CLARA,2015,246071930
SANTA CLARA,2016,262013456
SANTA CLARA,2017,282946368
SANTA CLARA,2018,306691667
SANTA CRUZ,2001,11107335
SANTA CRUZ,2002,11059671
SANTA CRUZ,2003,11296439
SANTA CRUZ,2004,10968240
SANTA CRUZ,2005,10970409
SANTA CRUZ,2006,10903485
SANTA CRUZ,2007,10879880
SANTA CRUZ,2008,10945744
SANTA CRUZ,2009,11211955
SANTA CRUZ,2010,12108628
SANTA CRUZ,2011,11922969
SANTA CRUZ,2012,11705257
SANTA CRUZ,2013,12049144
SANTA CRUZ,2014,12299320
SANTA CRUZ,2015,12360508
SANTA CRUZ,2016,12597030
SANTA CRUZ,2017,12786326
SANTA CRUZ,2018,13243490
SHASTA,2001,6169069
SHASTA,2002,6828720
SHASTA,2003,6990059
SHASTA,2004,6835467
SHASTA,2005,6673441
SHASTA,2006,6944835
SHASTA,2007,6711445
SHASTA,2008,6482525
SHASTA,2009,6401035
SHASTA,2010,6603832
SHASTA,2011,6742107
SHASTA,2012,6459544
SHASTA,2013,6433711
SHASTA,2014,6529553
SHASTA,2015,6622382
SHASTA,2016,6931422
SHASTA,2017,7437919
SHASTA,2018,7219547
SIERRA,2001,106591
SIERRA,2002,104408
SIERRA,2003,101894
SIERRA,2004,95881
SIERRA,2005,99555
SIERRA,2006,99837
SIERRA,2007,99626
SIERRA,2008,95975
SIERRA,2009,94524
SIERRA,2010,97175
SIERRA,2011,91803
SIERRA,2012,84695
SIERRA,2013,82572
SIERRA,2014,78288
SIERRA,2015,76371
SIERRA,2016,81735
SIERRA,2017,82019
SIERRA,2018,84198
SISKIYOU,2001,1420010
SISKIYOU,2002,1570715
SISKIYOU,2003,1481219
SISKIYOU,2004,1449353
SISKIYOU,2005,1419893
SISKIYOU,2006,1481254
SISKIYOU,2007,1351355
SISKIYOU,2008,1452987
SISKIYOU,2009,1333683
SISKIYOU,2010,1314907
SISKIYOU,2011,1435679
SISKIYOU,2012,1382695
SISKIYOU,2013,1349869
SISKIYOU,2014,1403426
SISKIYOU,2015,1518671
SISKIYOU,2016,1572563
SISKIYOU,2017,1546848
SISKIYOU,2018,1563467
SOLANO,2001,15161616
SOLANO,2002,15192397
SOLANO,2003,15822315
SOLANO,2004,15935478
SOLANO,2005,16459623
SOLANO,2006,16685004
SOLANO,2007,17313929
SOLANO,2008,18807876
SOLANO,2009,18152088
SOLANO,2010,18160240
SOLANO,2011,17507200
SOLANO,2012,18973888
SOLANO,2013,19880720
SOLANO,2014,20029280
SOLANO,2015,20203318
SOLANO,2016,20619199
SOLANO,2017,20899701
SOLANO,2018,21944195
SONOMA,2001,20912833
SONOMA,2002,21717359
SONOMA,2003,21512326
SONOMA,2004,21456093
SONOMA,2005,21821595
SONOMA,2006,22033382
SONOMA,2007,22409403
SONOMA,2008,22250970
SONOMA,2009,21430364
SONOMA,2010,22072212
SONOMA,2011,22434452
SONOMA,2012,22779964
SONOMA,2013,23247064
SONOMA,2014,24074511
SONOMA,2015,25156011
SONOMA,2016,25745062
SONOMA,2017,26325465
SONOMA,2018,27565642
STANISLAUS,2001,15758116
STANISLAUS,2002,16343835
STANISLAUS,2003,16884980
STANISLAUS,2004,17801108
STANISLAUS,2005,18454602
STANISLAUS,2006,18816584
STANISLAUS,2007,18559634
STANISLAUS,2008,17973134
STANISLAUS,2009,17821608
STANISLAUS,2010,17931977
STANISLAUS,2011,17858181
STANISLAUS,2012,17532238
STANISLAUS,2013,17659094
STANISLAUS,2014,18740179
STANISLAUS,2015,19371931
STANISLAUS,2016,19623484
STANISLAUS,2017,20632799
STANISLAUS,2018,21234213
SUTTER,2001,2488890
SUTTER,2002,2976734
SUTTER,2003,2968013
SUTTER,2004,2990055
SUTTER,2005,2875284
SUTTER,2006,3079761
SUTTER,2007,3206769
SUTTER,2008,3506819
SUTTER,2009,3710181
SUTTER,2010,3433390
SUTTER,2011,3156254
SUTTER,2012,3007824
SUTTER,2013,3118528
SUTTER,2014,2951336
SUTTER,2015,3090283
SUTTER,2016,3065514
SUTTER,2017,3095179
SUTTER,2018,3307355
TEHAMA,2001,1456453
TEHAMA,2002,1535858
TEHAMA,2003,1556682
TEHAMA,2004,1614180
TEHAMA,2005,1705265
TEHAMA,2006,1617622
TEHAMA,2007,1636143
TEHAMA,2008,1535203
TEHAMA,2009,1534971
TEHAMA,2010,1624583
TEHAMA,2011,1589629
TEHAMA,2012,1586278
TEHAMA,2013,1654011
TEHAMA,2014,1625529
TEHAMA,2015,1624161
TEHAMA,2016,1668083
TEHAMA,2017,1882273
TEHAMA,2018,1885606
TRINITY,2001,295713
TRINITY,2002,328533
TRINITY,2003,348282
TRINITY,2004,337076
TRINITY,2005,315984
TRINITY,2006,330465
TRINITY,2007,326969
TRINITY,2008,319574
TRINITY,2009,303278
TRINITY,2010,345663
TRINITY,2011,362240
TRINITY,2012,345985
TRINITY,2013,349294
TRINITY,2014,337552
TRINITY,2015,322630
TRINITY,2016,337006
TRINITY,2017,371527
TRINITY,2018,359579
TULARE,2001,11404310
TULARE,2002,10612079
TULARE,2003,11130967
TULARE,2004,12305193
TULARE,2005,13480674
TULARE,2006,12735501
TULARE,2007,14166537
TULARE,2008,13386175
TULARE,2009,12301799
TULARE,2010,13544945
TULARE,2011,13997042
TULARE,2012,13289971
TULARE,2013,13590002
TULARE,2014,15191202
TULARE,2015,15187770
TULARE,2016,16100787
TULARE,2017,16847054
TULARE,2018,17063694
TUOLUMME,2001,1868002
TUOLUMME,2002,2174628
TUOLUMME,2003,2188900
TUOLUMME,2004,2193883
TUOLUMME,2005,2197701
TUOLUMME,2006,2250976
TUOLUMME,2007,2178702
TUOLUMME,2008,2115746
TUOLUMME,2009,2133845
TUOLUMME,2010,2247444
TUOLUMME,2011,2385930
TUOLUMME,2012,2066149
TUOLUMME,2013,2053371
TUOLUMME,2014,1999413
TUOLUMME,2015,2047389
TUOLUMME,2016,2232551
TUOLUMME,2017,2455844
TUOLUMME,2018,2284494
VENTURA,2001,37003295
VENTURA,2002,38017158
VENTURA,2003,40367369
VENTURA,2004,44219449
VENTURA,2005,46386360
VENTURA,2006,51531025
VENTURA,2007,55457322
VENTURA,2008,50732889
VENTURA,2009,50423666
VENTURA,2010,50250247
VENTURA,2011,47396726
VENTURA,2012,46388410
VENTURA,2013,46807738
VENTURA,2014,46460736
VENTURA,2015,46505916
VENTURA,2016,46203169
VENTURA,2017,46470387
VENTURA,2018,46592945
YOLO,2001,9328168
YOLO,2002,9470967
YOLO,2003,9788994
YOLO,2004,10237401
YOLO,2005,10372418
YOLO,2006,10529063
YOLO,2007,11048126
YOLO,2008,11083682
YOLO,2009,10663703
YOLO,2010,10459431
YOLO,2011,10691024
YOLO,2012,10773643
YOLO,2013,11180876
YOLO,2014,11578868
YOLO,2015,12252116
YOLO,2016,12757435
YOLO,2017,13013233
YOLO,2018,13472232
YUBA,2001,2038066
YUBA,2002,2194588
YUBA,2003,2309532
YUBA,2004,2330239
YUBA,2005,2346889
YUBA,2006,2452749
YUBA,2007,2342640
YUBA,2008,2507041
YUBA,2009,2574946
YUBA,2010,2573496
YUBA,2011,2705047
YUBA,2012,2667315
YUBA,2013,2771743
YUBA,2014,2644836
YUBA,2015,2637134
YUBA,2016,2793149
YUBA,2017,2948046
YUBA,2018,2980485
